{"cameraMode":{"drawMode":0,"name":"Shaded","section":"Shading Mode"},"sceneLighting":false,"audioPlay":false,"sceneViewState":{"showFog":false,"showMaterialUpdate":false,"showSkybox":false,"showFlares":false,"showImageEffects":false,"showParticleSystems":false},"in2DMode":false,"pivot":{"x":-0.6676585078239441,"y":6.210556507110596,"z":-7.0707855224609379},"rotation":{"x":-0.4167449474334717,"y":0.2100318968296051,"z":-0.0996021032333374,"w":-0.8788066506385803},"size":3.660856246948242,"orthographic":false}