{"cameraMode":{"drawMode":0,"name":"Shaded","section":"Shading Mode"},"sceneLighting":false,"audioPlay":false,"sceneViewState":{"showFog":false,"showMaterialUpdate":false,"showSkybox":false,"showFlares":false,"showImageEffects":false,"showParticleSystems":false},"in2DMode":false,"pivot":{"x":1.3159605264663697,"y":-16.297870635986329,"z":-16.84008026123047},"rotation":{"x":0.09749972820281983,"y":0.8602865934371948,"z":-0.46707600355148318,"w":0.17958828806877137},"size":21.559106826782228,"orthographic":false}