{"cameraMode":{"drawMode":0,"name":"Shaded","section":"Shading Mode"},"sceneLighting":true,"audioPlay":false,"sceneViewState":{"showFog":false,"showMaterialUpdate":false,"showSkybox":false,"showFlares":false,"showImageEffects":false,"showParticleSystems":false},"in2DMode":false,"pivot":{"x":-0.9885367155075073,"y":0.2965618371963501,"z":-6.886209487915039},"rotation":{"x":-0.14110395312309266,"y":0.8392381072044373,"z":-0.456637442111969,"w":-0.2593299150466919},"size":5.62791633605957,"orthographic":false}