{"cameraMode":{"drawMode":0,"name":"Shaded","section":"Shading Mode"},"sceneLighting":true,"audioPlay":false,"sceneViewState":{"showFog":false,"showMaterialUpdate":false,"showSkybox":false,"showFlares":false,"showImageEffects":false,"showParticleSystems":false},"in2DMode":false,"pivot":{"x":-1.722623586654663,"y":6.91765832901001,"z":-14.603654861450196},"rotation":{"x":0.34769144654273989,"y":0.4754429757595062,"z":-0.2119741439819336,"w":0.7798325419425964},"size":4.672976493835449,"orthographic":false}